{
	"schemaVersion": 1,
	"id": "kmos",
	"version": "${version}",
	"name": "Kale's Mod",
	"description": "This is an example description! Tell everyone what your mod is about!",
	"authors": [
		"Me!"
	],
	"contact": {
		"homepage": "https://fabricmc.net/",
		"sources": "https://github.com/FabricMC/fabric-example-mod"
	},
	"license": "CC0-1.0",
	"icon": "assets/kmos/icon.png",
	"environment": "*",
	"entrypoints": {
		"main": [
			"github.moskowitzrocket.kmos.KalesMod"
		],
		"client": [
			"github.moskowitzrocket.kmos.KalesModClient"
		],
		"fabric-datagen": [
			"github.moskowitzrocket.kmos.KalesModDataGenerator"
		]
	},
	"mixins": [
		"kmos.mixins.json",
		{
			"config": "kmos.client.mixins.json",
			"environment": "client"
		}
	],
	"depends": {
		"fabricloader": ">=0.16.2",
		"minecraft": "~1.21.1",
		"java": ">=21",
		"fabric-api": "*"
	},
	"suggests": {
		"another-mod": "*"
	}
}